{
    "airway - failed (protocol 3 - 16)": {
        "precision": 0.07692307692307693,
        "recall": 0.09090909090909091,
        "f1-score": 0.08333333333333333,
        "support": 11.0,
        "TP": 1,
        "FP": 12,
        "FN": 10,
        "TN": 1298
    },
    "environmental - heat exposure/heat exhaustion environmental - heat stroke (protocol 5 - 2)": {
        "precision": 0.0,
        "recall": 0.0,
        "f1-score": 0.0,
        "support": 6.0,
        "TP": 0,
        "FP": 2,
        "FN": 6,
        "TN": 1313
    },
    "environmental - hypothermia (protocol 5 - 1)": {
        "precision": 0.25,
        "recall": 0.5,
        "f1-score": 0.3333333333333333,
        "support": 2.0,
        "TP": 1,
        "FP": 3,
        "FN": 1,
        "TN": 1316
    },
    "general - behavioral/patient restraint (protocol 3 - 4)": {
        "precision": 0.05263157894736842,
        "recall": 0.05,
        "f1-score": 0.05128205128205128,
        "support": 20.0,
        "TP": 1,
        "FP": 18,
        "FN": 19,
        "TN": 1283
    },
    "general - cardiac arrest": {
        "precision": 0.717948717948718,
        "recall": 0.7567567567567568,
        "f1-score": 0.7368421052631579,
        "support": 74.0,
        "TP": 56,
        "FP": 22,
        "FN": 18,
        "TN": 1225
    },
    "general - pain control": {
        "precision": 0.2962962962962963,
        "recall": 0.25806451612903225,
        "f1-score": 0.27586206896551724,
        "support": 31.0,
        "TP": 8,
        "FP": 19,
        "FN": 23,
        "TN": 1271
    },
    "hemorrhage control (protocol 4 - 14)": {
        "precision": 0.3333333333333333,
        "recall": 0.21428571428571427,
        "f1-score": 0.2608695652173913,
        "support": 14.0,
        "TP": 3,
        "FP": 6,
        "FN": 11,
        "TN": 1301
    },
    "injury - abdominal trauma": {
        "precision": 0.0,
        "recall": 0.0,
        "f1-score": 0.0,
        "support": 1.0,
        "TP": 0,
        "FP": 4,
        "FN": 1,
        "TN": 1316
    },
    "injury - burns - thermal": {
        "precision": 1.0,
        "recall": 0.8,
        "f1-score": 0.8888888888888888,
        "support": 5.0,
        "TP": 4,
        "FP": 0,
        "FN": 1,
        "TN": 1316
    },
    "injury - crush syndrome (protocol 4 - 4)": {
        "precision": 0.0,
        "recall": 0.0,
        "f1-score": 0.0,
        "support": 1.0,
        "TP": 0,
        "FP": 1,
        "FN": 1,
        "TN": 1319
    },
    "injury - general trauma management (protocol 4 - 1)": {
        "precision": 0.6338028169014085,
        "recall": 0.45918367346938777,
        "f1-score": 0.5325443786982249,
        "support": 98.0,
        "TP": 45,
        "FP": 26,
        "FN": 53,
        "TN": 1197
    },
    "injury - head": {
        "precision": 0.6,
        "recall": 0.16666666666666666,
        "f1-score": 0.2608695652173913,
        "support": 18.0,
        "TP": 3,
        "FP": 2,
        "FN": 15,
        "TN": 1301
    },
    "injury - thoracic (protocol 4 - 11)": {
        "precision": 0.0,
        "recall": 0.0,
        "f1-score": 0.0,
        "support": 3.0,
        "TP": 0,
        "FP": 0,
        "FN": 3,
        "TN": 1318
    },
    "medical - abdominal pain (protocol 3 - 2)": {
        "precision": 0.5632183908045977,
        "recall": 0.7903225806451613,
        "f1-score": 0.6577181208053692,
        "support": 62.0,
        "TP": 49,
        "FP": 38,
        "FN": 13,
        "TN": 1221
    },
    "medical - allergic reaction/anaphylaxis": {
        "precision": 0.8947368421052632,
        "recall": 0.85,
        "f1-score": 0.8717948717948718,
        "support": 20.0,
        "TP": 17,
        "FP": 2,
        "FN": 3,
        "TN": 1299
    },
    "medical - altered mental status": {
        "precision": 0.3333333333333333,
        "recall": 0.40816326530612246,
        "f1-score": 0.3669724770642202,
        "support": 98.0,
        "TP": 40,
        "FP": 80,
        "FN": 58,
        "TN": 1143
    },
    "medical - bradycardia": {
        "precision": 0.0,
        "recall": 0.0,
        "f1-score": 0.0,
        "support": 5.0,
        "TP": 0,
        "FP": 5,
        "FN": 5,
        "TN": 1311
    },
    "medical - chest pain - cardiac suspected (protocol 2 - 1)": {
        "precision": 0.7660377358490567,
        "recall": 0.8423236514522822,
        "f1-score": 0.8023715415019763,
        "support": 241.0,
        "TP": 203,
        "FP": 62,
        "FN": 38,
        "TN": 1018
    },
    "medical - diabetic - hyperglycemia": {
        "precision": 0.5217391304347826,
        "recall": 0.41379310344827586,
        "f1-score": 0.46153846153846156,
        "support": 29.0,
        "TP": 12,
        "FP": 11,
        "FN": 17,
        "TN": 1281
    },
    "medical - diabetic - hypoglycemia": {
        "precision": 0.6842105263157895,
        "recall": 0.6341463414634146,
        "f1-score": 0.6582278481012658,
        "support": 41.0,
        "TP": 26,
        "FP": 12,
        "FN": 15,
        "TN": 1268
    },
    "medical - hypotension/shock (nontrauma)": {
        "precision": 0.2857142857142857,
        "recall": 0.23529411764705882,
        "f1-score": 0.25806451612903225,
        "support": 17.0,
        "TP": 4,
        "FP": 10,
        "FN": 13,
        "TN": 1294
    },
    "medical - nausea/vomiting": {
        "precision": 0.4166666666666667,
        "recall": 0.38461538461538464,
        "f1-score": 0.4,
        "support": 26.0,
        "TP": 10,
        "FP": 14,
        "FN": 16,
        "TN": 1281
    },
    "medical - overdose/poisoning - calcium channel blocker (protocol 7 - 5)": {
        "precision": 0.0,
        "recall": 0.0,
        "f1-score": 0.0,
        "support": 2.0,
        "TP": 0,
        "FP": 1,
        "FN": 2,
        "TN": 1318
    },
    "medical - overdose/poisoning - opioid (protocol 7 - 1)": {
        "precision": 0.6612903225806451,
        "recall": 0.6776859504132231,
        "f1-score": 0.6693877551020408,
        "support": 121.0,
        "TP": 82,
        "FP": 42,
        "FN": 39,
        "TN": 1158
    },
    "medical - overdose/poisoning - stimulant (protocol 7 - 2)": {
        "precision": 0.0,
        "recall": 0.0,
        "f1-score": 0.0,
        "support": 2.0,
        "TP": 0,
        "FP": 3,
        "FN": 2,
        "TN": 1316
    },
    "medical - overdose/poisoning/toxic ingestion (protocol 9 - 9)": {
        "precision": 0.0,
        "recall": 0.0,
        "f1-score": 0.0,
        "support": 1.0,
        "TP": 0,
        "FP": 5,
        "FN": 1,
        "TN": 1315
    },
    "medical - pulmonary edema/chf (protocol 2 - 3)": {
        "precision": 0.2,
        "recall": 0.2631578947368421,
        "f1-score": 0.22727272727272727,
        "support": 19.0,
        "TP": 5,
        "FP": 20,
        "FN": 14,
        "TN": 1282
    },
    "medical - respiratory distress/asthma/copd/croup/reactive airway (respiratory distress)": {
        "precision": 0.8465909090909091,
        "recall": 0.7842105263157895,
        "f1-score": 0.8142076502732241,
        "support": 190.0,
        "TP": 149,
        "FP": 27,
        "FN": 41,
        "TN": 1104
    },
    "medical - seizure": {
        "precision": 0.7931034482758621,
        "recall": 0.8846153846153846,
        "f1-score": 0.8363636363636363,
        "support": 104.0,
        "TP": 92,
        "FP": 24,
        "FN": 12,
        "TN": 1193
    },
    "medical - st elevation myocardial infarction (acs/ami) (protocol 2 - 2)": {
        "precision": 0.1111111111111111,
        "recall": 0.14285714285714285,
        "f1-score": 0.125,
        "support": 14.0,
        "TP": 2,
        "FP": 16,
        "FN": 12,
        "TN": 1291
    },
    "medical - stroke/tia (protocol 3 - 5)": {
        "precision": 0.7011494252873564,
        "recall": 0.8714285714285714,
        "f1-score": 0.7770700636942676,
        "support": 70.0,
        "TP": 61,
        "FP": 26,