{
    "airway - failed (protocol 3 - 16)": {
        "precision": 0.2,
        "recall": 0.45454545454545453,
        "f1-score": 0.2777777777777778,
        "support": 11.0,
        "TP": 5,
        "FP": 20,
        "FN": 6,
        "TN": 1290
    },
    "environmental - heat exposure/heat exhaustion environmental - heat stroke (protocol 5 - 2)": {
        "precision": 0.3333333333333333,
        "recall": 0.3333333333333333,
        "f1-score": 0.3333333333333333,
        "support": 6.0,
        "TP": 2,
        "FP": 4,
        "FN": 4,
        "TN": 1311
    },
    "environmental - hypothermia (protocol 5 - 1)": {
        "precision": 0.5,
        "recall": 1.0,
        "f1-score": 0.6666666666666666,
        "support": 2.0,
        "TP": 2,
        "FP": 2,
        "FN": 0,
        "TN": 1317
    },
    "general - behavioral/patient restraint (protocol 3 - 4)": {
        "precision": 0.38235294117647056,
        "recall": 0.65,
        "f1-score": 0.48148148148148145,
        "support": 20.0,
        "TP": 13,
        "FP": 21,
        "FN": 7,
        "TN": 1280
    },
    "general - cardiac arrest": {
        "precision": 0.8192771084337349,
        "recall": 0.918918918918919,
        "f1-score": 0.8662420382165605,
        "support": 74.0,
        "TP": 68,
        "FP": 15,
        "FN": 6,
        "TN": 1232
    },
    "general - pain control": {
        "precision": 0.3333333333333333,
        "recall": 0.12903225806451613,
        "f1-score": 0.18604651162790697,
        "support": 31.0,
        "TP": 4,
        "FP": 8,
        "FN": 27,
        "TN": 1282
    },
    "hemorrhage control (protocol 4 - 14)": {
        "precision": 0.1956521739130435,
        "recall": 0.6428571428571429,
        "f1-score": 0.3,
        "support": 14.0,
        "TP": 9,
        "FP": 37,
        "FN": 5,
        "TN": 1270
    },
    "injury - abdominal trauma": {
        "precision": 0.030303030303030304,
        "recall": 1.0,
        "f1-score": 0.058823529411764705,
        "support": 1.0,
        "TP": 1,
        "FP": 32,
        "FN": 0,
        "TN": 1288
    },
    "injury - burns - thermal": {
        "precision": 1.0,
        "recall": 1.0,
        "f1-score": 1.0,
        "support": 5.0,
        "TP": 5,
        "FP": 0,
        "FN": 0,
        "TN": 1316
    },
    "injury - crush syndrome (protocol 4 - 4)": {
        "precision": 0.0,
        "recall": 0.0,
        "f1-score": 0.0,
        "support": 1.0,
        "TP": 0,
        "FP": 1,
        "FN": 1,
        "TN": 1319
    },
    "injury - general trauma management (protocol 4 - 1)": {
        "precision": 0.5909090909090909,
        "recall": 0.7959183673469388,
        "f1-score": 0.6782608695652174,
        "support": 98.0,
        "TP": 78,
        "FP": 54,
        "FN": 20,
        "TN": 1169
    },
    "injury - head": {
        "precision": 0.16071428571428573,
        "recall": 1.0,
        "f1-score": 0.27692307692307694,
        "support": 18.0,
        "TP": 18,
        "FP": 94,
        "FN": 0,
        "TN": 1209
    },
    "injury - thoracic (protocol 4 - 11)": {
        "precision": 0.08108108108108109,
        "recall": 1.0,
        "f1-score": 0.15,
        "support": 3.0,
        "TP": 3,
        "FP": 34,
        "FN": 0,
        "TN": 1284
    },
    "medical - abdominal pain (protocol 3 - 2)": {
        "precision": 0.4645669291338583,
        "recall": 0.9516129032258065,
        "f1-score": 0.6243386243386243,
        "support": 62.0,
        "TP": 59,
        "FP": 68,
        "FN": 3,
        "TN": 1191
    },
    "medical - allergic reaction/anaphylaxis": {
        "precision": 0.8695652173913043,
        "recall": 1.0,
        "f1-score": 0.9302325581395349,
        "support": 20.0,
        "TP": 20,
        "FP": 3,
        "FN": 0,
        "TN": 1298
    },
    "medical - altered mental status": {
        "precision": 0.3185483870967742,
        "recall": 0.8061224489795918,
        "f1-score": 0.45664739884393063,
        "support": 98.0,
        "TP": 79,
        "FP": 169,
        "FN": 19,
        "TN": 1054
    },
    "medical - bradycardia": {
        "precision": 0.13793103448275862,
        "recall": 0.8,
        "f1-score": 0.23529411764705882,
        "support": 5.0,
        "TP": 4,
        "FP": 25,
        "FN": 1,
        "TN": 1291
    },
    "medical - chest pain - cardiac suspected (protocol 2 - 1)": {
        "precision": 0.752411575562701,
        "recall": 0.970954356846473,
        "f1-score": 0.8478260869565217,
        "support": 241.0,
        "TP": 234,
        "FP": 77,
        "FN": 7,
        "TN": 1003
    },
    "medical - diabetic - hyperglycemia": {
        "precision": 0.41935483870967744,
        "recall": 0.896551724137931,
        "f1-score": 0.5714285714285714,
        "support": 29.0,
        "TP": 26,
        "FP": 36,
        "FN": 3,
        "TN": 1256
    },
    "medical - diabetic - hypoglycemia": {
        "precision": 0.8333333333333334,
        "recall": 0.7317073170731707,
        "f1-score": 0.7792207792207793,
        "support": 41.0,
        "TP": 30,
        "FP": 6,
        "FN": 11,
        "TN": 1274
    },
    "medical - hypotension/shock (nontrauma)": {
        "precision": 0.30952380952380953,
        "recall": 0.7647058823529411,
        "f1-score": 0.4406779661016949,
        "support": 17.0,
        "TP": 13,
        "FP": 29,
        "FN": 4,
        "TN": 1275
    },
    "medical - nausea/vomiting": {
        "precision": 0.21568627450980393,
        "recall": 0.8461538461538461,
        "f1-score": 0.34375,
        "support": 26.0,
        "TP": 22,
        "FP": 80,
        "FN": 4,
        "TN": 1215
    },
    "medical - overdose/poisoning - calcium channel blocker (protocol 7 - 5)": {
        "precision": 0.0,
        "recall": 0.0,
        "f1-score": 0.0,
        "support": 2.0,
        "TP": 0,
        "FP": 0,
        "FN": 2,
        "TN": 1319
    },
    "medical - overdose/poisoning - opioid (protocol 7 - 1)": {
        "precision": 0.6870748299319728,
        "recall": 0.8347107438016529,
        "f1-score": 0.753731343283582,
        "support": 121.0,
        "TP": 101,
        "FP": 46,
        "FN": 20,
        "TN": 1154
    },
    "medical - overdose/poisoning - stimulant (protocol 7 - 2)": {
        "precision": 0.04878048780487805,
        "recall": 1.0,
        "f1-score": 0.09302325581395349,
        "support": 2.0,
        "TP": 2,
        "FP": 39,
        "FN": 0,
        "TN": 1280
    },
    "medical - overdose/poisoning/toxic ingestion (protocol 9 - 9)": {
        "precision": 0.027777777777777776,
        "recall": 1.0,
        "f1-score": 0.05405405405405406,
        "support": 1.0,
        "TP": 1,
        "FP": 35,
        "FN": 0,
        "TN": 1285
    },
    "medical - pulmonary edema/chf (protocol 2 - 3)": {
        "precision": 0.23636363636363636,
        "recall": 0.6842105263157895,
        "f1-score": 0.35135135135135137,
        "support": 19.0,
        "TP": 13,
        "FP": 42,
        "FN": 6,
        "TN": 1260
    },
    "medical - respiratory distress/asthma/copd/croup/reactive airway (respiratory distress)": {
        "precision": 0.5478260869565217,
        "recall": 0.9947368421052631,
        "f1-score": 0.7065420560747664,
        "support": 190.0,
        "TP": 189,
        "FP": 156,
        "FN": 1,
        "TN": 975
    },
    "medical - seizure": {
        "precision": 0.7481481481481481,
        "recall": 0.9711538461538461,
        "f1-score": 0.8451882845188284,
        "support": 104.0,
        "TP": 101,
        "FP": 34,
        "FN": 3,
        "TN": 1183
    },
    "medical - st elevation myocardial infarction (acs/ami) (protocol 2 - 2)": {
        "precision": 0.11764705882352941,
        "recall": 0.7142857142857143,
        "f1-score": 0.20202020202020202,
        "support": 14.0,
        "TP": 10,
        "FP": 75,
        "FN": 4,
        "TN": 1232
    },